-- phpMyAdmin SQL Dump
-- version 5.1.1
-- https://www.phpmyadmin.net/
--
-- Servidor: localhost
-- Tiempo de generación: 15-07-2022 a las 06:07:29
-- Versión del servidor: 10.4.20-MariaDB
-- Versión de PHP: 8.0.8

SET SQL_MODE = "NO_AUTO_VALUE_ON_ZERO";
START TRANSACTION;
SET time_zone = "+00:00";


/*!40101 SET @OLD_CHARACTER_SET_CLIENT=@@CHARACTER_SET_CLIENT */;
/*!40101 SET @OLD_CHARACTER_SET_RESULTS=@@CHARACTER_SET_RESULTS */;
/*!40101 SET @OLD_COLLATION_CONNECTION=@@COLLATION_CONNECTION */;
/*!40101 SET NAMES utf8mb4 */;

--
-- Base de datos: `iterador`
--

-- --------------------------------------------------------

--
-- Estructura de tabla para la tabla `estadisticas_celsius`
--

CREATE TABLE `estadisticas_celsius` (
  `id` int(11) NOT NULL,
  `celsius` int(11) NOT NULL,
  `cantidad` int(11) NOT NULL DEFAULT 0,
  `fecha` datetime NOT NULL DEFAULT current_timestamp()
) ENGINE=InnoDB DEFAULT CHARSET=utf8 COLLATE=utf8_unicode_ci;

--
-- Volcado de datos para la tabla `estadisticas_celsius`
--

INSERT INTO `estadisticas_celsius` (`id`, `celsius`, `cantidad`, `fecha`) VALUES
(1, 4, 1, '2022-07-14 21:14:08'),
(2, 48, 2, '2022-07-14 21:14:13'),
(3, 100, 1, '2022-07-14 21:14:27'),
(4, 80, 1, '2022-07-14 21:14:32'),
(5, 55, 3, '2022-07-14 21:14:39'),
(6, 5, 1, '2022-07-14 21:14:44'),
(7, 75, 1, '2022-07-14 21:14:47'),
(8, 35, 1, '2022-07-14 21:14:50'),
(9, 40, 1, '2022-07-14 21:35:47'),
(10, 6, 1, '2022-07-14 22:07:40'),
(11, 9, 1, '2022-07-14 22:47:37'),
(12, 78, 1, '2022-07-14 23:15:31'),
(13, 93, 2, '2022-07-14 23:25:12');

-- --------------------------------------------------------

--
-- Estructura de tabla para la tabla `historial`
--

CREATE TABLE `historial` (
  `id` bigint(20) NOT NULL,
  `usuario` bigint(20) DEFAULT NULL,
  `historiador` text COLLATE utf8_unicode_ci DEFAULT NULL,
  `inicioDeSesion` text COLLATE utf8_unicode_ci DEFAULT NULL,
  `inicioDeSesionFecha` datetime DEFAULT NULL,
  `cierreDeSesion` text COLLATE utf8_unicode_ci DEFAULT NULL,
  `cierreDeSesionFecha` datetime DEFAULT NULL,
  `actualizacion` text COLLATE utf8_unicode_ci DEFAULT NULL,
  `actualizacionFecha` datetime DEFAULT NULL,
  `historialEliminado` text COLLATE utf8_unicode_ci DEFAULT NULL,
  `historialEliminadoFecha` datetime DEFAULT NULL,
  `perfilEliminado` text COLLATE utf8_unicode_ci DEFAULT NULL,
  `perfilEliminadoFecha` datetime DEFAULT NULL
) ENGINE=InnoDB DEFAULT CHARSET=utf8 COLLATE=utf8_unicode_ci;

--
-- Volcado de datos para la tabla `historial`
--

INSERT INTO `historial` (`id`, `usuario`, `historiador`, `inicioDeSesion`, `inicioDeSesionFecha`, `cierreDeSesion`, `cierreDeSesionFecha`, `actualizacion`, `actualizacionFecha`, `historialEliminado`, `historialEliminadoFecha`, `perfilEliminado`, `perfilEliminadoFecha`) VALUES
(363, 8, '', 'Inicio de sesion: ', '2020-02-18 12:43:15', '', '2020-02-18 12:43:15', '', '2020-02-18 12:43:15', '', '2020-02-18 12:43:15', '', '2020-02-18 12:43:15'),
(364, 8, '', 'Inicio de sesion: ', '2020-02-18 17:49:40', '', '2020-02-18 17:49:40', '', '2020-02-18 17:49:40', '', '2020-02-18 17:49:40', '', '2020-02-18 17:49:40'),
(365, 8, '', '', '2020-02-18 17:53:06', 'Cierre de sesion: ', '2020-02-18 17:53:06', '', '2020-02-18 17:53:06', '', '2020-02-18 17:53:06', '', '2020-02-18 17:53:06'),
(366, 8, '', 'Inicio de sesion: ', '2020-02-18 17:53:33', '', '2020-02-18 17:53:33', '', '2020-02-18 17:53:33', '', '2020-02-18 17:53:33', '', '2020-02-18 17:53:33'),
(369, 8, '', 'Inicio de sesion: ', '2020-02-18 17:58:15', '', '2020-02-18 17:58:15', '', '2020-02-18 17:58:15', '', '2020-02-18 17:58:15', '', '2020-02-18 17:58:15'),
(372, 8, '', 'Inicio de sesion: ', '2020-02-18 18:03:43', '', '2020-02-18 18:03:43', '', '2020-02-18 18:03:43', '', '2020-02-18 18:03:43', '', '2020-02-18 18:03:43'),
(374, 8, '', 'Inicio de sesion: ', '2020-02-18 18:06:18', '', '2020-02-18 18:06:18', '', '2020-02-18 18:06:18', '', '2020-02-18 18:06:18', '', '2020-02-18 18:06:18'),
(375, 8, '', 'Inicio de sesion: ', '2020-02-18 18:07:13', '', '2020-02-18 18:07:13', '', '2020-02-18 18:07:13', '', '2020-02-18 18:07:13', '', '2020-02-18 18:07:13'),
(377, 8, '', 'Inicio de sesion: ', '2020-02-18 18:10:49', '', '2020-02-18 18:10:49', '', '2020-02-18 18:10:49', '', '2020-02-18 18:10:49', '', '2020-02-18 18:10:49'),
(378, 8, '', 'Inicio de sesion: ', '2020-02-18 18:22:27', '', '2020-02-18 18:22:27', '', '2020-02-18 18:22:27', '', '2020-02-18 18:22:27', '', '2020-02-18 18:22:27'),
(379, 8, '', '', '2020-02-18 18:22:34', 'Cierre de sesion: ', '2020-02-18 18:22:34', '', '2020-02-18 18:22:34', '', '2020-02-18 18:22:34', '', '2020-02-18 18:22:34'),
(380, 8, '', 'Inicio de sesion: ', '2020-02-18 18:31:55', '', '2020-02-18 18:31:55', '', '2020-02-18 18:31:55', '', '2020-02-18 18:31:55', '', '2020-02-18 18:31:55'),
(381, 8, '', '', '2020-02-18 18:36:36', 'Cierre de sesion: ', '2020-02-18 18:36:36', '', '2020-02-18 18:36:36', '', '2020-02-18 18:36:36', '', '2020-02-18 18:36:36'),
(382, 8, '', 'Inicio de sesion: ', '2020-02-18 18:37:17', '', '2020-02-18 18:37:17', '', '2020-02-18 18:37:17', '', '2020-02-18 18:37:17', '', '2020-02-18 18:37:17'),
(384, 8, '', 'Inicio de sesion: ', '2020-02-18 18:42:19', '', '2020-02-18 18:42:19', '', '2020-02-18 18:42:19', '', '2020-02-18 18:42:19', '', '2020-02-18 18:42:19'),
(385, 8, '', 'Inicio de sesion: ', '2020-02-18 18:53:24', '', '2020-02-18 18:53:24', '', '2020-02-18 18:53:24', '', '2020-02-18 18:53:24', '', '2020-02-18 18:53:24'),
(395, 2, '', 'Inicio de sesion: ', '2020-02-18 19:28:05', '', '2020-02-18 19:28:05', '', '2020-02-18 19:28:05', '', '2020-02-18 19:28:05', '', '2020-02-18 19:28:05'),
(396, 2, '', '', '2020-02-18 19:28:32', 'Cierre de sesion: ', '2020-02-18 19:28:32', '', '2020-02-18 19:28:32', '', '2020-02-18 19:28:32', '', '2020-02-18 19:28:32'),
(397, 8, '', 'Inicio de sesion: ', '2020-02-18 19:35:43', '', '2020-02-18 19:35:43', '', '2020-02-18 19:35:43', '', '2020-02-18 19:35:43', '', '2020-02-18 19:35:43'),
(398, 8, '', '', '2020-02-18 19:35:48', 'Cierre de sesion: ', '2020-02-18 19:35:48', '', '2020-02-18 19:35:48', '', '2020-02-18 19:35:48', '', '2020-02-18 19:35:48'),
(399, 8, '', 'Inicio de sesion: ', '2020-02-19 17:50:51', '', '2020-02-19 17:50:51', '', '2020-02-19 17:50:51', '', '2020-02-19 17:50:51', '', '2020-02-19 17:50:51'),
(400, 8, '', '', '2020-02-19 17:51:00', 'Cierre de sesion: ', '2020-02-19 17:51:00', '', '2020-02-19 17:51:00', '', '2020-02-19 17:51:00', '', '2020-02-19 17:51:00'),
(401, 10, '', 'Inicio de sesion: ', '2020-02-19 17:59:00', '', '2020-02-19 17:59:00', '', '2020-02-19 17:59:00', '', '2020-02-19 17:59:00', '', '2020-02-19 17:59:00'),
(402, 10, '', '', '2020-02-19 18:00:12', '', '2020-02-19 18:00:12', '', '2020-02-19 18:00:12', '', '2020-02-19 18:00:12', 'Nombre: Demo\nApellido: Demo\nCorreo: demo@gmail.com\nContraseña: demo\nPlataforma: Software\nFecha: 2020-02-19', '2020-02-19 18:00:12'),
(403, 10, '', 'Inicio de sesion: ', '2020-02-19 18:01:18', '', '2020-02-19 18:01:18', '', '2020-02-19 18:01:18', '', '2020-02-19 18:01:18', '', '2020-02-19 18:01:18'),
(404, 10, '', '', '2020-02-19 18:01:29', 'Cierre de sesion: ', '2020-02-19 18:01:29', '', '2020-02-19 18:01:29', '', '2020-02-19 18:01:29', '', '2020-02-19 18:01:29'),
(405, 11, '', 'Inicio de sesion: ', '2020-02-19 18:02:21', '', '2020-02-19 18:02:21', '', '2020-02-19 18:02:21', '', '2020-02-19 18:02:21', '', '2020-02-19 18:02:21'),
(406, 11, '', '', '2020-02-19 18:02:32', '', '2020-02-19 18:02:32', '', '2020-02-19 18:02:32', '', '2020-02-19 18:02:32', 'Nombre: Demo\nApellido: Demo\nCorreo: demo@gmail.com\nContraseña: demo\nPlataforma: Software\nFecha: 2020-02-19', '2020-02-19 18:02:32'),
(412, 12, '192.168.0.179', 'Inicio de sesion: ', '2022-02-11 22:21:42', '', '2022-02-11 22:21:42', '', '2022-02-11 22:21:42', '', '2022-02-11 22:21:42', '', '2022-02-11 22:21:42'),
(413, 12, '192.168.0.179', '', '2022-02-11 22:22:28', '', '2022-02-11 22:22:28', 'Nombre: \nApellido: \nContraseña: ', '2022-02-11 22:22:28', '', '2022-02-11 22:22:28', '', '2022-02-11 22:22:28'),
(414, 12, '192.168.0.179', '', '2022-02-11 22:23:03', 'Cierre de sesion: ', '2022-02-11 22:23:03', '', '2022-02-11 22:23:03', '', '2022-02-11 22:23:03', '', '2022-02-11 22:23:03'),
(415, 12, '192.168.0.179', 'Inicio de sesion: ', '2022-02-11 22:23:20', '', '2022-02-11 22:23:20', '', '2022-02-11 22:23:20', '', '2022-02-11 22:23:20', '', '2022-02-11 22:23:20'),
(416, 12, '192.168.0.179', '', '2022-02-11 22:25:03', '', '2022-02-11 22:25:03', 'Nombre: \nApellido: \nContraseña: ', '2022-02-11 22:25:03', '', '2022-02-11 22:25:03', '', '2022-02-11 22:25:03'),
(417, 12, '192.168.0.179', '', '2022-02-11 22:27:56', 'Cierre de sesion: ', '2022-02-11 22:27:56', '', '2022-02-11 22:27:56', '', '2022-02-11 22:27:56', '', '2022-02-11 22:27:56'),
(418, 12, '192.168.0.179', 'Inicio de sesion: ', '2022-02-12 14:11:57', '', '2022-02-12 14:11:57', '', '2022-02-12 14:11:57', '', '2022-02-12 14:11:57', '', '2022-02-12 14:11:57'),
(629, 1, '192.168.0.179', 'Inicio de sesion: ', '2022-07-12 03:26:38', '', '2022-07-12 03:26:38', '', '2022-07-12 03:26:38', '', '2022-07-12 03:26:38', '', '2022-07-12 03:26:38'),
(630, 1, '192.168.0.179', '', '2022-07-12 03:26:59', 'Cierre de sesion: ', '2022-07-12 03:26:59', '', '2022-07-12 03:26:59', '', '2022-07-12 03:26:59', '', '2022-07-12 03:26:59'),
(631, 1, '192.168.0.179', 'Inicio de sesion: ', '2022-07-12 03:27:01', '', '2022-07-12 03:27:01', '', '2022-07-12 03:27:01', '', '2022-07-12 03:27:01', '', '2022-07-12 03:27:01'),
(632, 1, '192.168.0.179', '', '2022-07-12 03:27:20', 'Cierre de sesion: ', '2022-07-12 03:27:20', '', '2022-07-12 03:27:20', '', '2022-07-12 03:27:20', '', '2022-07-12 03:27:20'),
(633, 1, '192.168.0.179', 'Inicio de sesion: ', '2022-07-12 03:27:23', '', '2022-07-12 03:27:23', '', '2022-07-12 03:27:23', '', '2022-07-12 03:27:23', '', '2022-07-12 03:27:23'),
(634, 1, '192.168.0.179', '', '2022-07-12 03:27:34', 'Cierre de sesion: ', '2022-07-12 03:27:34', '', '2022-07-12 03:27:34', '', '2022-07-12 03:27:34', '', '2022-07-12 03:27:34'),
(635, 1, '192.168.0.179', 'Inicio de sesion: ', '2022-07-12 03:27:37', '', '2022-07-12 03:27:37', '', '2022-07-12 03:27:37', '', '2022-07-12 03:27:37', '', '2022-07-12 03:27:37'),
(636, 1, '192.168.0.179', 'Inicio de sesion: ', '2022-07-12 03:28:31', '', '2022-07-12 03:28:31', '', '2022-07-12 03:28:31', '', '2022-07-12 03:28:31', '', '2022-07-12 03:28:31'),
(637, 1, '192.168.0.179', 'Inicio de sesion: ', '2022-07-12 03:29:16', '', '2022-07-12 03:29:16', '', '2022-07-12 03:29:16', '', '2022-07-12 03:29:16', '', '2022-07-12 03:29:16'),
(638, 1, '192.168.0.179', 'Inicio de sesion: ', '2022-07-12 03:30:28', '', '2022-07-12 03:30:28', '', '2022-07-12 03:30:28', '', '2022-07-12 03:30:28', '', '2022-07-12 03:30:28'),
(639, 1, '192.168.0.179', 'Inicio de sesion: ', '2022-07-12 03:31:29', '', '2022-07-12 03:31:29', '', '2022-07-12 03:31:29', '', '2022-07-12 03:31:29', '', '2022-07-12 03:31:29'),
(640, 1, '192.168.0.179', 'Inicio de sesion: ', '2022-07-12 03:33:23', '', '2022-07-12 03:33:23', '', '2022-07-12 03:33:23', '', '2022-07-12 03:33:23', '', '2022-07-12 03:33:23'),
(641, 1, '192.168.0.179', 'Inicio de sesion: ', '2022-07-12 03:34:39', '', '2022-07-12 03:34:39', '', '2022-07-12 03:34:39', '', '2022-07-12 03:34:39', '', '2022-07-12 03:34:39'),
(642, 1, '192.168.0.179', 'Inicio de sesion: ', '2022-07-12 03:35:49', '', '2022-07-12 03:35:49', '', '2022-07-12 03:35:49', '', '2022-07-12 03:35:49', '', '2022-07-12 03:35:49'),
(643, 1, '192.168.0.179', '', '2022-07-12 03:36:14', 'Cierre de sesion: ', '2022-07-12 03:36:14', '', '2022-07-12 03:36:14', '', '2022-07-12 03:36:14', '', '2022-07-12 03:36:14'),
(644, 1, '192.168.0.179', 'Inicio de sesion: ', '2022-07-12 03:36:18', '', '2022-07-12 03:36:18', '', '2022-07-12 03:36:18', '', '2022-07-12 03:36:18', '', '2022-07-12 03:36:18'),
(645, 1, '192.168.0.179', 'Inicio de sesion: ', '2022-07-12 03:36:39', '', '2022-07-12 03:36:39', '', '2022-07-12 03:36:39', '', '2022-07-12 03:36:39', '', '2022-07-12 03:36:39'),
(646, 1, '192.168.0.179', 'Inicio de sesion: ', '2022-07-12 03:37:39', '', '2022-07-12 03:37:39', '', '2022-07-12 03:37:39', '', '2022-07-12 03:37:39', '', '2022-07-12 03:37:39'),
(647, 1, '192.168.0.179', 'Inicio de sesion: ', '2022-07-12 03:38:28', '', '2022-07-12 03:38:28', '', '2022-07-12 03:38:28', '', '2022-07-12 03:38:28', '', '2022-07-12 03:38:28'),
(648, 1, '192.168.0.179', 'Inicio de sesion: ', '2022-07-12 03:39:30', '', '2022-07-12 03:39:30', '', '2022-07-12 03:39:30', '', '2022-07-12 03:39:30', '', '2022-07-12 03:39:30'),
(649, 1, '192.168.0.179', 'Inicio de sesion: ', '2022-07-12 03:40:22', '', '2022-07-12 03:40:22', '', '2022-07-12 03:40:22', '', '2022-07-12 03:40:22', '', '2022-07-12 03:40:22'),
(650, 1, '192.168.0.179', 'Inicio de sesion: ', '2022-07-12 03:41:17', '', '2022-07-12 03:41:17', '', '2022-07-12 03:41:17', '', '2022-07-12 03:41:17', '', '2022-07-12 03:41:17'),
(651, 1, '192.168.0.179', 'Inicio de sesion: ', '2022-07-12 03:41:44', '', '2022-07-12 03:41:44', '', '2022-07-12 03:41:44', '', '2022-07-12 03:41:44', '', '2022-07-12 03:41:44'),
(652, 1, '192.168.0.179', 'Inicio de sesion: ', '2022-07-12 03:43:33', '', '2022-07-12 03:43:33', '', '2022-07-12 03:43:33', '', '2022-07-12 03:43:33', '', '2022-07-12 03:43:33'),
(653, 1, '192.168.0.179', 'Inicio de sesion: ', '2022-07-12 03:45:20', '', '2022-07-12 03:45:20', '', '2022-07-12 03:45:20', '', '2022-07-12 03:45:20', '', '2022-07-12 03:45:20'),
(654, 1, '192.168.0.179', 'Inicio de sesion: ', '2022-07-12 03:48:32', '', '2022-07-12 03:48:32', '', '2022-07-12 03:48:32', '', '2022-07-12 03:48:32', '', '2022-07-12 03:48:32'),
(655, 1, '192.168.0.179', 'Inicio de sesion: ', '2022-07-12 03:49:25', '', '2022-07-12 03:49:25', '', '2022-07-12 03:49:25', '', '2022-07-12 03:49:25', '', '2022-07-12 03:49:25'),
(656, 1, '192.168.0.179', 'Inicio de sesion: ', '2022-07-12 03:50:22', '', '2022-07-12 03:50:22', '', '2022-07-12 03:50:22', '', '2022-07-12 03:50:22', '', '2022-07-12 03:50:22'),
(657, 1, '192.168.0.179', '', '2022-07-12 03:50:38', 'Cierre de sesion: ', '2022-07-12 03:50:38', '', '2022-07-12 03:50:38', '', '2022-07-12 03:50:38', '', '2022-07-12 03:50:38'),
(658, 1, '192.168.0.179', 'Inicio de sesion: ', '2022-07-12 03:50:49', '', '2022-07-12 03:50:49', '', '2022-07-12 03:50:49', '', '2022-07-12 03:50:49', '', '2022-07-12 03:50:49'),
(659, 1, '192.168.0.179', 'Inicio de sesion: ', '2022-07-12 03:51:15', '', '2022-07-12 03:51:15', '', '2022-07-12 03:51:15', '', '2022-07-12 03:51:15', '', '2022-07-12 03:51:15'),
(660, 1, '192.168.0.179', 'Inicio de sesion: ', '2022-07-12 04:04:58', '', '2022-07-12 04:04:58', '', '2022-07-12 04:04:58', '', '2022-07-12 04:04:58', '', '2022-07-12 04:04:58'),
(661, 1, '192.168.0.179', 'Inicio de sesion: ', '2022-07-12 04:05:19', '', '2022-07-12 04:05:19', '', '2022-07-12 04:05:19', '', '2022-07-12 04:05:19', '', '2022-07-12 04:05:19'),
(662, 1, '192.168.0.179', 'Inicio de sesion: ', '2022-07-12 04:05:36', '', '2022-07-12 04:05:36', '', '2022-07-12 04:05:36', '', '2022-07-12 04:05:36', '', '2022-07-12 04:05:36'),
(663, 1, '192.168.0.179', 'Inicio de sesion: ', '2022-07-12 04:06:12', '', '2022-07-12 04:06:12', '', '2022-07-12 04:06:12', '', '2022-07-12 04:06:12', '', '2022-07-12 04:06:12'),
(664, 1, '192.168.0.179', 'Inicio de sesion: ', '2022-07-12 04:07:05', '', '2022-07-12 04:07:05', '', '2022-07-12 04:07:05', '', '2022-07-12 04:07:05', '', '2022-07-12 04:07:05'),
(665, 1, '192.168.0.179', 'Inicio de sesion: ', '2022-07-12 04:09:23', '', '2022-07-12 04:09:23', '', '2022-07-12 04:09:23', '', '2022-07-12 04:09:23', '', '2022-07-12 04:09:23'),
(666, 1, '192.168.0.179', 'Inicio de sesion: ', '2022-07-12 04:10:33', '', '2022-07-12 04:10:33', '', '2022-07-12 04:10:33', '', '2022-07-12 04:10:33', '', '2022-07-12 04:10:33'),
(667, 1, '192.168.0.179', '', '2022-07-12 04:11:02', 'Cierre de sesion: ', '2022-07-12 04:11:02', '', '2022-07-12 04:11:02', '', '2022-07-12 04:11:02', '', '2022-07-12 04:11:02'),
(668, 13, '192.168.0.179', 'Inicio de sesion: ', '2022-07-12 04:12:26', '', '2022-07-12 04:12:26', '', '2022-07-12 04:12:26', '', '2022-07-12 04:12:26', '', '2022-07-12 04:12:26'),
(669, 13, '192.168.0.179', '', '2022-07-12 04:12:52', 'Cierre de sesion: ', '2022-07-12 04:12:52', '', '2022-07-12 04:12:52', '', '2022-07-12 04:12:52', '', '2022-07-12 04:12:52'),
(670, 1, '192.168.0.179', 'Inicio de sesion: ', '2022-07-12 04:17:43', '', '2022-07-12 04:17:43', '', '2022-07-12 04:17:43', '', '2022-07-12 04:17:43', '', '2022-07-12 04:17:43'),
(671, 1, '192.168.0.179', 'Inicio de sesion: ', '2022-07-13 00:13:01', '', '2022-07-13 00:13:01', '', '2022-07-13 00:13:01', '', '2022-07-13 00:13:01', '', '2022-07-13 00:13:01'),
(672, 1, '192.168.0.179', '', '2022-07-13 00:13:51', 'Cierre de sesion: ', '2022-07-13 00:13:51', '', '2022-07-13 00:13:51', '', '2022-07-13 00:13:51', '', '2022-07-13 00:13:51'),
(673, 1, '192.168.0.179', 'Inicio de sesion: ', '2022-07-13 00:16:08', '', '2022-07-13 00:16:08', '', '2022-07-13 00:16:08', '', '2022-07-13 00:16:08', '', '2022-07-13 00:16:08'),
(674, 1, '192.168.0.179', '', '2022-07-13 00:16:22', 'Cierre de sesion: ', '2022-07-13 00:16:22', '', '2022-07-13 00:16:22', '', '2022-07-13 00:16:22', '', '2022-07-13 00:16:22'),
(675, 1, '192.168.0.179', 'Inicio de sesion: ', '2022-07-13 00:16:59', '', '2022-07-13 00:16:59', '', '2022-07-13 00:16:59', '', '2022-07-13 00:16:59', '', '2022-07-13 00:16:59'),
(676, 1, '192.168.0.179', '', '2022-07-13 00:17:02', 'Cierre de sesion: ', '2022-07-13 00:17:02', '', '2022-07-13 00:17:02', '', '2022-07-13 00:17:02', '', '2022-07-13 00:17:02'),
(677, 1, '192.168.0.179', 'Inicio de sesion: ', '2022-07-13 00:21:20', '', '2022-07-13 00:21:20', '', '2022-07-13 00:21:20', '', '2022-07-13 00:21:20', '', '2022-07-13 00:21:20'),
(678, 1, '192.168.0.179', 'Inicio de sesion: ', '2022-07-13 00:26:31', '', '2022-07-13 00:26:31', '', '2022-07-13 00:26:31', '', '2022-07-13 00:26:31', '', '2022-07-13 00:26:31'),
(679, 1, '192.168.0.179', '', '2022-07-13 00:26:45', 'Cierre de sesion: ', '2022-07-13 00:26:45', '', '2022-07-13 00:26:45', '', '2022-07-13 00:26:45', '', '2022-07-13 00:26:45'),
(680, 1, '192.168.0.179', 'Inicio de sesion: ', '2022-07-13 00:26:51', '', '2022-07-13 00:26:51', '', '2022-07-13 00:26:51', '', '2022-07-13 00:26:51', '', '2022-07-13 00:26:51'),
(681, 1, '192.168.0.179', '', '2022-07-13 00:26:54', 'Cierre de sesion: ', '2022-07-13 00:26:54', '', '2022-07-13 00:26:54', '', '2022-07-13 00:26:54', '', '2022-07-13 00:26:54'),
(682, 1, '192.168.0.179', '', '2022-07-13 00:31:21', 'Cierre de sesion: ', '2022-07-13 00:31:21', '', '2022-07-13 00:31:21', '', '2022-07-13 00:31:21', '', '2022-07-13 00:31:21'),
(683, 1, '192.168.0.179', 'Inicio de sesion: ', '2022-07-13 00:31:33', '', '2022-07-13 00:31:33', '', '2022-07-13 00:31:33', '', '2022-07-13 00:31:33', '', '2022-07-13 00:31:33'),
(684, 1, '192.168.0.179', '', '2022-07-13 00:31:41', 'Cierre de sesion: ', '2022-07-13 00:31:41', '', '2022-07-13 00:31:41', '', '2022-07-13 00:31:41', '', '2022-07-13 00:31:41'),
(685, 1, '192.168.0.179', 'Inicio de sesion: ', '2022-07-13 00:33:12', '', '2022-07-13 00:33:12', '', '2022-07-13 00:33:12', '', '2022-07-13 00:33:12', '', '2022-07-13 00:33:12'),
(686, 1, '192.168.0.179', '', '2022-07-13 00:33:17', 'Cierre de sesion: ', '2022-07-13 00:33:17', '', '2022-07-13 00:33:17', '', '2022-07-13 00:33:17', '', '2022-07-13 00:33:17'),
(687, 1, '192.168.0.179', 'Inicio de sesion: ', '2022-07-13 00:34:27', '', '2022-07-13 00:34:27', '', '2022-07-13 00:34:27', '', '2022-07-13 00:34:27', '', '2022-07-13 00:34:27'),
(688, 1, '192.168.0.179', 'Inicio de sesion: ', '2022-07-13 00:35:12', '', '2022-07-13 00:35:12', '', '2022-07-13 00:35:12', '', '2022-07-13 00:35:12', '', '2022-07-13 00:35:12'),
(689, 1, '192.168.0.179', '', '2022-07-13 00:35:18', 'Cierre de sesion: ', '2022-07-13 00:35:18', '', '2022-07-13 00:35:18', '', '2022-07-13 00:35:18', '', '2022-07-13 00:35:18'),
(690, 1, '192.168.0.179', 'Inicio de sesion: ', '2022-07-13 00:36:05', '', '2022-07-13 00:36:05', '', '2022-07-13 00:36:05', '', '2022-07-13 00:36:05', '', '2022-07-13 00:36:05'),
(691, 1, '192.168.0.179', '', '2022-07-13 00:36:22', 'Cierre de sesion: ', '2022-07-13 00:36:22', '', '2022-07-13 00:36:22', '', '2022-07-13 00:36:22', '', '2022-07-13 00:36:22'),
(692, 1, '192.168.0.179', 'Inicio de sesion: ', '2022-07-13 00:37:05', '', '2022-07-13 00:37:05', '', '2022-07-13 00:37:05', '', '2022-07-13 00:37:05', '', '2022-07-13 00:37:05'),
(693, 1, '192.168.0.179', '', '2022-07-13 00:37:15', 'Cierre de sesion: ', '2022-07-13 00:37:15', '', '2022-07-13 00:37:15', '', '2022-07-13 00:37:15', '', '2022-07-13 00:37:15'),
(694, 1, '192.168.0.179', 'Inicio de sesion: ', '2022-07-13 00:38:18', '', '2022-07-13 00:38:18', '', '2022-07-13 00:38:18', '', '2022-07-13 00:38:18', '', '2022-07-13 00:38:18'),
(695, 1, '192.168.0.179', '', '2022-07-13 00:38:33', 'Cierre de sesion: ', '2022-07-13 00:38:33', '', '2022-07-13 00:38:33', '', '2022-07-13 00:38:33', '', '2022-07-13 00:38:33'),
(696, 1, '192.168.0.179', 'Inicio de sesion: ', '2022-07-13 00:41:25', '', '2022-07-13 00:41:25', '', '2022-07-13 00:41:25', '', '2022-07-13 00:41:25', '', '2022-07-13 00:41:25'),
(697, 1, '192.168.0.179', '', '2022-07-13 00:41:36', 'Cierre de sesion: ', '2022-07-13 00:41:36', '', '2022-07-13 00:41:36', '', '2022-07-13 00:41:36', '', '2022-07-13 00:41:36'),
(698, 1, '192.168.0.179', 'Inicio de sesion: ', '2022-07-13 00:43:15', '', '2022-07-13 00:43:15', '', '2022-07-13 00:43:15', '', '2022-07-13 00:43:15', '', '2022-07-13 00:43:15'),
(699, 1, '192.168.0.179', '', '2022-07-13 00:43:26', 'Cierre de sesion: ', '2022-07-13 00:43:26', '', '2022-07-13 00:43:26', '', '2022-07-13 00:43:26', '', '2022-07-13 00:43:26'),
(700, 1, '192.168.0.179', 'Inicio de sesion: ', '2022-07-13 00:45:01', '', '2022-07-13 00:45:01', '', '2022-07-13 00:45:01', '', '2022-07-13 00:45:01', '', '2022-07-13 00:45:01'),
(701, 1, '192.168.0.179', '', '2022-07-13 00:45:09', 'Cierre de sesion: ', '2022-07-13 00:45:09', '', '2022-07-13 00:45:09', '', '2022-07-13 00:45:09', '', '2022-07-13 00:45:09'),
(702, 1, '192.168.0.179', 'Inicio de sesion: ', '2022-07-13 00:45:33', '', '2022-07-13 00:45:33', '', '2022-07-13 00:45:33', '', '2022-07-13 00:45:33', '', '2022-07-13 00:45:33'),
(703, 1, '192.168.0.179', '', '2022-07-13 00:45:35', 'Cierre de sesion: ', '2022-07-13 00:45:35', '', '2022-07-13 00:45:35', '', '2022-07-13 00:45:35', '', '2022-07-13 00:45:35'),
(704, 1, '192.168.0.179', 'Inicio de sesion: ', '2022-07-13 00:46:17', '', '2022-07-13 00:46:17', '', '2022-07-13 00:46:17', '', '2022-07-13 00:46:17', '', '2022-07-13 00:46:17'),
(705, 1, '192.168.0.179', 'Inicio de sesion: ', '2022-07-13 00:47:58', '', '2022-07-13 00:47:58', '', '2022-07-13 00:47:58', '', '2022-07-13 00:47:58', '', '2022-07-13 00:47:58'),
(706, 1, '192.168.0.179', '', '2022-07-13 00:48:12', 'Cierre de sesion: ', '2022-07-13 00:48:12', '', '2022-07-13 00:48:12', '', '2022-07-13 00:48:12', '', '2022-07-13 00:48:12'),
(707, 1, '192.168.0.179', 'Inicio de sesion: ', '2022-07-13 00:48:27', '', '2022-07-13 00:48:27', '', '2022-07-13 00:48:27', '', '2022-07-13 00:48:27', '', '2022-07-13 00:48:27'),
(708, 1, '192.168.0.179', '', '2022-07-13 00:48:36', 'Cierre de sesion: ', '2022-07-13 00:48:36', '', '2022-07-13 00:48:36', '', '2022-07-13 00:48:36', '', '2022-07-13 00:48:36'),
(709, 1, '192.168.0.179', 'Inicio de sesion: ', '2022-07-13 00:48:50', '', '2022-07-13 00:48:50', '', '2022-07-13 00:48:50', '', '2022-07-13 00:48:50', '', '2022-07-13 00:48:50'),
(710, 1, '192.168.0.179', '', '2022-07-13 00:48:56', 'Cierre de sesion: ', '2022-07-13 00:48:56', '', '2022-07-13 00:48:56', '', '2022-07-13 00:48:56', '', '2022-07-13 00:48:56'),
(711, 1, '192.168.0.179', 'Inicio de sesion: ', '2022-07-13 00:49:58', '', '2022-07-13 00:49:58', '', '2022-07-13 00:49:58', '', '2022-07-13 00:49:58', '', '2022-07-13 00:49:58'),
(712, 1, '192.168.0.179', '', '2022-07-13 00:50:33', 'Cierre de sesion: ', '2022-07-13 00:50:33', '', '2022-07-13 00:50:33', '', '2022-07-13 00:50:33', '', '2022-07-13 00:50:33'),
(713, 1, '192.168.0.179', 'Inicio de sesion: ', '2022-07-13 00:51:22', '', '2022-07-13 00:51:22', '', '2022-07-13 00:51:22', '', '2022-07-13 00:51:22', '', '2022-07-13 00:51:22'),
(714, 1, '192.168.0.179', '', '2022-07-13 00:51:39', 'Cierre de sesion: ', '2022-07-13 00:51:39', '', '2022-07-13 00:51:39', '', '2022-07-13 00:51:39', '', '2022-07-13 00:51:39'),
(715, 1, '192.168.0.179', 'Inicio de sesion: ', '2022-07-13 00:54:34', '', '2022-07-13 00:54:34', '', '2022-07-13 00:54:34', '', '2022-07-13 00:54:34', '', '2022-07-13 00:54:34'),
(716, 1, '192.168.0.179', '', '2022-07-13 00:54:47', 'Cierre de sesion: ', '2022-07-13 00:54:47', '', '2022-07-13 00:54:47', '', '2022-07-13 00:54:47', '', '2022-07-13 00:54:47'),
(717, 1, '192.168.0.179', 'Inicio de sesion: ', '2022-07-13 00:56:19', '', '2022-07-13 00:56:19', '', '2022-07-13 00:56:19', '', '2022-07-13 00:56:19', '', '2022-07-13 00:56:19'),
(718, 1, '192.168.0.179', '', '2022-07-13 00:56:47', 'Cierre de sesion: ', '2022-07-13 00:56:47', '', '2022-07-13 00:56:47', '', '2022-07-13 00:56:47', '', '2022-07-13 00:56:47'),
(719, 1, '192.168.0.179', 'Inicio de sesion: ', '2022-07-13 00:57:11', '', '2022-07-13 00:57:11', '', '2022-07-13 00:57:11', '', '2022-07-13 00:57:11', '', '2022-07-13 00:57:11'),
(720, 1, '192.168.0.179', 'Inicio de sesion: ', '2022-07-13 00:57:44', '', '2022-07-13 00:57:44', '', '2022-07-13 00:57:44', '', '2022-07-13 00:57:44', '', '2022-07-13 00:57:44'),
(721, 1, '192.168.0.179', 'Inicio de sesion: ', '2022-07-13 00:58:15', '', '2022-07-13 00:58:15', '', '2022-07-13 00:58:15', '', '2022-07-13 00:58:15', '', '2022-07-13 00:58:15'),
(722, 1, '192.168.0.179', '', '2022-07-13 00:58:34', 'Cierre de sesion: ', '2022-07-13 00:58:34', '', '2022-07-13 00:58:34', '', '2022-07-13 00:58:34', '', '2022-07-13 00:58:34'),
(723, 1, '192.168.0.179', 'Inicio de sesion: ', '2022-07-13 00:58:57', '', '2022-07-13 00:58:57', '', '2022-07-13 00:58:57', '', '2022-07-13 00:58:57', '', '2022-07-13 00:58:57'),
(724, 1, '192.168.0.179', '', '2022-07-13 00:59:18', 'Cierre de sesion: ', '2022-07-13 00:59:18', '', '2022-07-13 00:59:18', '', '2022-07-13 00:59:18', '', '2022-07-13 00:59:18'),
(725, 1, '192.168.0.179', 'Inicio de sesion: ', '2022-07-13 01:00:13', '', '2022-07-13 01:00:13', '', '2022-07-13 01:00:13', '', '2022-07-13 01:00:13', '', '2022-07-13 01:00:13'),
(726, 1, '192.168.0.179', '', '2022-07-13 01:00:34', 'Cierre de sesion: ', '2022-07-13 01:00:34', '', '2022-07-13 01:00:34', '', '2022-07-13 01:00:34', '', '2022-07-13 01:00:34'),
(727, 1, '192.168.0.179', 'Inicio de sesion: ', '2022-07-13 01:02:37', '', '2022-07-13 01:02:37', '', '2022-07-13 01:02:37', '', '2022-07-13 01:02:37', '', '2022-07-13 01:02:37'),
(728, 1, '192.168.0.179', '', '2022-07-13 01:02:42', 'Cierre de sesion: ', '2022-07-13 01:02:42', '', '2022-07-13 01:02:42', '', '2022-07-13 01:02:42', '', '2022-07-13 01:02:42'),
(729, 1, '192.168.0.179', 'Inicio de sesion: ', '2022-07-13 01:02:58', '', '2022-07-13 01:02:58', '', '2022-07-13 01:02:58', '', '2022-07-13 01:02:58', '', '2022-07-13 01:02:58'),
(730, 1, '192.168.0.179', '', '2022-07-13 01:03:05', 'Cierre de sesion: ', '2022-07-13 01:03:05', '', '2022-07-13 01:03:05', '', '2022-07-13 01:03:05', '', '2022-07-13 01:03:05'),
(731, 1, '192.168.0.179', 'Inicio de sesion: ', '2022-07-13 01:04:03', '', '2022-07-13 01:04:03', '', '2022-07-13 01:04:03', '', '2022-07-13 01:04:03', '', '2022-07-13 01:04:03'),
(732, 1, '192.168.0.179', '', '2022-07-13 01:04:12', 'Cierre de sesion: ', '2022-07-13 01:04:12', '', '2022-07-13 01:04:12', '', '2022-07-13 01:04:12', '', '2022-07-13 01:04:12'),
(733, 1, '192.168.0.179', 'Inicio de sesion: ', '2022-07-13 01:09:46', '', '2022-07-13 01:09:46', '', '2022-07-13 01:09:46', '', '2022-07-13 01:09:46', '', '2022-07-13 01:09:46'),
(734, 1, '192.168.0.179', '', '2022-07-13 01:09:54', 'Cierre de sesion: ', '2022-07-13 01:09:54', '', '2022-07-13 01:09:54', '', '2022-07-13 01:09:54', '', '2022-07-13 01:09:54'),
(735, 1, '192.168.0.179', 'Inicio de sesion: ', '2022-07-13 01:10:31', '', '2022-07-13 01:10:31', '', '2022-07-13 01:10:31', '', '2022-07-13 01:10:31', '', '2022-07-13 01:10:31'),
(736, 1, '192.168.0.179', '', '2022-07-13 01:10:37', 'Cierre de sesion: ', '2022-07-13 01:10:37', '', '2022-07-13 01:10:37', '', '2022-07-13 01:10:37', '', '2022-07-13 01:10:37'),
(737, 1, '192.168.0.179', 'Inicio de sesion: ', '2022-07-13 01:12:23', '', '2022-07-13 01:12:23', '', '2022-07-13 01:12:23', '', '2022-07-13 01:12:23', '', '2022-07-13 01:12:23'),
(738, 1, '192.168.0.179', '', '2022-07-13 01:12:31', 'Cierre de sesion: ', '2022-07-13 01:12:31', '', '2022-07-13 01:12:31', '', '2022-07-13 01:12:31', '', '2022-07-13 01:12:31'),
(739, 1, '192.168.0.179', 'Inicio de sesion: ', '2022-07-13 01:13:04', '', '2022-07-13 01:13:04', '', '2022-07-13 01:13:04', '', '2022-07-13 01:13:04', '', '2022-07-13 01:13:04'),
(740, 1, '192.168.0.179', '', '2022-07-13 01:13:13', 'Cierre de sesion: ', '2022-07-13 01:13:13', '', '2022-07-13 01:13:13', '', '2022-07-13 01:13:13', '', '2022-07-13 01:13:13'),
(741, 1, '192.168.0.179', 'Inicio de sesion: ', '2022-07-13 01:18:18', '', '2022-07-13 01:18:18', '', '2022-07-13 01:18:18', '', '2022-07-13 01:18:18', '', '2022-07-13 01:18:18'),
(742, 1, '192.168.0.179', '', '2022-07-13 01:18:24', 'Cierre de sesion: ', '2022-07-13 01:18:24', '', '2022-07-13 01:18:24', '', '2022-07-13 01:18:24', '', '2022-07-13 01:18:24'),
(743, 1, '192.168.0.179', 'Inicio de sesion: ', '2022-07-13 01:18:56', '', '2022-07-13 01:18:56', '', '2022-07-13 01:18:56', '', '2022-07-13 01:18:56', '', '2022-07-13 01:18:56'),
(744, 1, '192.168.0.179', '', '2022-07-13 01:19:00', 'Cierre de sesion: ', '2022-07-13 01:19:00', '', '2022-07-13 01:19:00', '', '2022-07-13 01:19:00', '', '2022-07-13 01:19:00'),
(745, 1, '192.168.0.179', 'Inicio de sesion: ', '2022-07-13 01:19:06', '', '2022-07-13 01:19:06', '', '2022-07-13 01:19:06', '', '2022-07-13 01:19:06', '', '2022-07-13 01:19:06'),
(746, 1, '192.168.0.179', 'Inicio de sesion: ', '2022-07-13 01:20:44', '', '2022-07-13 01:20:44', '', '2022-07-13 01:20:44', '', '2022-07-13 01:20:44', '', '2022-07-13 01:20:44'),
(747, 1, '192.168.0.179', 'Inicio de sesion: ', '2022-07-13 01:23:49', '', '2022-07-13 01:23:49', '', '2022-07-13 01:23:49', '', '2022-07-13 01:23:49', '', '2022-07-13 01:23:49'),
(748, 1, '192.168.0.179', '', '2022-07-13 01:25:02', 'Cierre de sesion: ', '2022-07-13 01:25:02', '', '2022-07-13 01:25:02', '', '2022-07-13 01:25:02', '', '2022-07-13 01:25:02'),
(749, 1, '192.168.0.179', 'Inicio de sesion: ', '2022-07-13 01:29:04', '', '2022-07-13 01:29:04', '', '2022-07-13 01:29:04', '', '2022-07-13 01:29:04', '', '2022-07-13 01:29:04'),
(750, 1, '192.168.0.179', 'Inicio de sesion: ', '2022-07-13 01:53:11', '', '2022-07-13 01:53:11', '', '2022-07-13 01:53:11', '', '2022-07-13 01:53:11', '', '2022-07-13 01:53:11'),
(751, 1, '192.168.0.179', '', '2022-07-13 01:53:14', 'Cierre de sesion: ', '2022-07-13 01:53:14', '', '2022-07-13 01:53:14', '', '2022-07-13 01:53:14', '', '2022-07-13 01:53:14'),
(752, 1, '192.168.0.179', 'Inicio de sesion: ', '2022-07-13 08:54:41', '', '2022-07-13 08:54:41', '', '2022-07-13 08:54:41', '', '2022-07-13 08:54:41', '', '2022-07-13 08:54:41'),
(753, 1, '192.168.0.179', '', '2022-07-13 08:54:43', 'Cierre de sesion: ', '2022-07-13 08:54:43', '', '2022-07-13 08:54:43', '', '2022-07-13 08:54:43', '', '2022-07-13 08:54:43'),
(754, 1, '192.168.0.179', 'Inicio de sesion: ', '2022-07-13 23:54:37', '', '2022-07-13 23:54:37', '', '2022-07-13 23:54:37', '', '2022-07-13 23:54:37', '', '2022-07-13 23:54:37'),
(755, 1, '192.168.0.179', '', '2022-07-13 23:54:41', 'Cierre de sesion: ', '2022-07-13 23:54:41', '', '2022-07-13 23:54:41', '', '2022-07-13 23:54:41', '', '2022-07-13 23:54:41'),
(756, 1, '192.168.0.179', 'Inicio de sesion: ', '2022-07-13 23:55:19', '', '2022-07-13 23:55:19', '', '2022-07-13 23:55:19', '', '2022-07-13 23:55:19', '', '2022-07-13 23:55:19'),
(757, 1, '192.168.0.179', 'Inicio de sesion: ', '2022-07-13 23:55:36', '', '2022-07-13 23:55:36', '', '2022-07-13 23:55:36', '', '2022-07-13 23:55:36', '', '2022-07-13 23:55:36'),
(758, 1, '192.168.0.179', '', '2022-07-13 23:55:40', 'Cierre de sesion: ', '2022-07-13 23:55:40', '', '2022-07-13 23:55:40', '', '2022-07-13 23:55:40', '', '2022-07-13 23:55:40'),
(759, 1, '192.168.0.179', 'Inicio de sesion: ', '2022-07-14 00:31:30', '', '2022-07-14 00:31:30', '', '2022-07-14 00:31:30', '', '2022-07-14 00:31:30', '', '2022-07-14 00:31:30'),
(760, 1, '192.168.0.179', 'Inicio de sesion: ', '2022-07-14 00:37:15', '', '2022-07-14 00:37:15', '', '2022-07-14 00:37:15', '', '2022-07-14 00:37:15', '', '2022-07-14 00:37:15'),
(761, 1, '192.168.0.179', '', '2022-07-14 00:37:39', 'Cierre de sesion: ', '2022-07-14 00:37:39', '', '2022-07-14 00:37:39', '', '2022-07-14 00:37:39', '', '2022-07-14 00:37:39'),
(762, 1, '192.168.0.179', 'Inicio de sesion: ', '2022-07-14 00:46:25', '', '2022-07-14 00:46:25', '', '2022-07-14 00:46:25', '', '2022-07-14 00:46:25', '', '2022-07-14 00:46:25'),
(763, 1, NULL, 'Inicio de sesion: ', '2022-07-14 04:32:49', '', '2022-07-14 04:32:49', '', '2022-07-14 04:32:49', '', '2022-07-14 04:32:49', '', '2022-07-14 04:32:49'),
(764, 1, NULL, '', '2022-07-14 04:33:43', 'Cierre de sesion: ', '2022-07-14 04:33:43', '', '2022-07-14 04:33:43', '', '2022-07-14 04:33:43', '', '2022-07-14 04:33:43'),
(765, 1, '192.168.0.179', 'Inicio de sesion: ', '2022-07-14 17:12:11', '', '2022-07-14 17:12:11', '', '2022-07-14 17:12:11', '', '2022-07-14 17:12:11', '', '2022-07-14 17:12:11'),
(766, 1, '192.168.0.179', '', '2022-07-14 17:12:23', 'Cierre de sesion: ', '2022-07-14 17:12:23', '', '2022-07-14 17:12:23', '', '2022-07-14 17:12:23', '', '2022-07-14 17:12:23'),
(769, 1, '192.168.0.179', 'Inicio de sesion: ', '2022-07-14 17:13:36', '', '2022-07-14 17:13:36', '', '2022-07-14 17:13:36', '', '2022-07-14 17:13:36', '', '2022-07-14 17:13:36'),
(770, 1, '192.168.0.179', '', '2022-07-14 17:17:40', 'Cierre de sesion: ', '2022-07-14 17:17:40', '', '2022-07-14 17:17:40', '', '2022-07-14 17:17:40', '', '2022-07-14 17:17:40'),
(771, 1, '192.168.0.179', 'Inicio de sesion: ', '2022-07-14 17:35:15', '', '2022-07-14 17:35:15', '', '2022-07-14 17:35:15', '', '2022-07-14 17:35:15', '', '2022-07-14 17:35:15'),
(772, 1, '192.168.0.179', '', '2022-07-14 17:39:06', '', '2022-07-14 17:39:06', 'Nombre: \nApellido: \nContraseña: ', '2022-07-14 17:39:06', '', '2022-07-14 17:39:06', '', '2022-07-14 17:39:06'),
(773, 1, '192.168.0.179', '', '2022-07-14 17:45:41', 'Cierre de sesion: ', '2022-07-14 17:45:41', '', '2022-07-14 17:45:41', '', '2022-07-14 17:45:41', '', '2022-07-14 17:45:41'),
(776, 1, '192.168.0.179', 'Inicio de sesion: ', '2022-07-14 17:57:15', '', '2022-07-14 17:57:15', '', '2022-07-14 17:57:15', '', '2022-07-14 17:57:15', '', '2022-07-14 17:57:15'),
(777, 1, '192.168.0.179', 'Inicio de sesion: ', '2022-07-14 18:03:29', '', '2022-07-14 18:03:29', '', '2022-07-14 18:03:29', '', '2022-07-14 18:03:29', '', '2022-07-14 18:03:29'),
(778, 1, '192.168.0.179', 'Inicio de sesion: ', '2022-07-14 18:05:11', '', '2022-07-14 18:05:11', '', '2022-07-14 18:05:11', '', '2022-07-14 18:05:11', '', '2022-07-14 18:05:11'),
(779, 1, '192.168.0.179', '', '2022-07-14 18:05:28', '', '2022-07-14 18:05:28', 'Nombre: \nApellido: Aguasvivas\nContraseña: ', '2022-07-14 18:05:28', '', '2022-07-14 18:05:28', '', '2022-07-14 18:05:28'),
(780, 1, '192.168.0.179', 'Inicio de sesion: ', '2022-07-14 18:09:14', '', '2022-07-14 18:09:14', '', '2022-07-14 18:09:14', '', '2022-07-14 18:09:14', '', '2022-07-14 18:09:14'),
(782, 16, '192.168.0.179', 'Inicio de sesion: ', '2022-07-14 18:32:01', '', '2022-07-14 18:32:01', '', '2022-07-14 18:32:01', '', '2022-07-14 18:32:01', '', '2022-07-14 18:32:01'),
(783, 16, '192.168.0.179', '', '2022-07-14 18:32:13', '', '2022-07-14 18:32:13', '', '2022-07-14 18:32:13', '', '2022-07-14 18:32:13', 'Nombre: Nuevo\nApellido: Nuevo\nCorreo: nuevo@email.com\nContraseña: neury\nPlataforma: null\nFecha: 2022-07-14', '2022-07-14 18:32:13'),
(784, 1, '192.168.0.179', 'Inicio de sesion: ', '2022-07-14 18:32:59', '', '2022-07-14 18:32:59', '', '2022-07-14 18:32:59', '', '2022-07-14 18:32:59', '', '2022-07-14 18:32:59'),
(785, 1, '192.168.0.179', '', '2022-07-14 18:33:19', 'Cierre de sesion: ', '2022-07-14 18:33:19', '', '2022-07-14 18:33:19', '', '2022-07-14 18:33:19', '', '2022-07-14 18:33:19'),
(786, 1, '192.168.0.179', 'Inicio de sesion: ', '2022-07-14 18:33:23', '', '2022-07-14 18:33:23', '', '2022-07-14 18:33:23', '', '2022-07-14 18:33:23', '', '2022-07-14 18:33:23'),
(788, 1, '192.168.0.179', 'Inicio de sesion: ', '2022-07-14 18:34:14', '', '2022-07-14 18:34:14', '', '2022-07-14 18:34:14', '', '2022-07-14 18:34:14', '', '2022-07-14 18:34:14'),
(789, 1, '192.168.0.179', 'Inicio de sesion: ', '2022-07-14 18:47:41', '', '2022-07-14 18:47:41', '', '2022-07-14 18:47:41', '', '2022-07-14 18:47:41', '', '2022-07-14 18:47:41'),
(790, 1, '192.168.0.179', 'Inicio de sesion: ', '2022-07-14 19:03:05', '', '2022-07-14 19:03:05', '', '2022-07-14 19:03:05', '', '2022-07-14 19:03:05', '', '2022-07-14 19:03:05'),
(791, 1, '192.168.0.179', 'Inicio de sesion: ', '2022-07-14 19:05:13', '', '2022-07-14 19:05:13', '', '2022-07-14 19:05:13', '', '2022-07-14 19:05:13', '', '2022-07-14 19:05:13'),
(792, 1, '192.168.0.179', 'Inicio de sesion: ', '2022-07-14 19:06:43', '', '2022-07-14 19:06:43', '', '2022-07-14 19:06:43', '', '2022-07-14 19:06:43', '', '2022-07-14 19:06:43'),
(793, 1, '192.168.0.179', 'Inicio de sesion: ', '2022-07-14 19:08:35', '', '2022-07-14 19:08:35', '', '2022-07-14 19:08:35', '', '2022-07-14 19:08:35', '', '2022-07-14 19:08:35'),
(794, 1, '192.168.0.179', 'Inicio de sesion: ', '2022-07-14 19:12:51', '', '2022-07-14 19:12:51', '', '2022-07-14 19:12:51', '', '2022-07-14 19:12:51', '', '2022-07-14 19:12:51'),
(795, 1, '192.168.0.179', '', '2022-07-14 19:16:24', 'Cierre de sesion: ', '2022-07-14 19:16:24', '', '2022-07-14 19:16:24', '', '2022-07-14 19:16:24', '', '2022-07-14 19:16:24'),
(796, 1, '192.168.0.179', 'Inicio de sesion: ', '2022-07-14 19:16:26', '', '2022-07-14 19:16:26', '', '2022-07-14 19:16:26', '', '2022-07-14 19:16:26', '', '2022-07-14 19:16:26'),
(797, 1, '192.168.0.179', 'Inicio de sesion: ', '2022-07-14 19:18:36', '', '2022-07-14 19:18:36', '', '2022-07-14 19:18:36', '', '2022-07-14 19:18:36', '', '2022-07-14 19:18:36'),
(798, 1, '192.168.0.179', 'Inicio de sesion: ', '2022-07-14 19:19:32', '', '2022-07-14 19:19:32', '', '2022-07-14 19:19:32', '', '2022-07-14 19:19:32', '', '2022-07-14 19:19:32'),
(799, 1, '192.168.0.179', 'Inicio de sesion: ', '2022-07-14 19:22:02', '', '2022-07-14 19:22:02', '', '2022-07-14 19:22:02', '', '2022-07-14 19:22:02', '', '2022-07-14 19:22:02'),
(800, 1, '192.168.0.179', 'Inicio de sesion: ', '2022-07-14 19:28:07', '', '2022-07-14 19:28:07', '', '2022-07-14 19:28:07', '', '2022-07-14 19:28:07', '', '2022-07-14 19:28:07'),
(801, 1, '192.168.0.179', 'Inicio de sesion: ', '2022-07-14 19:29:08', '', '2022-07-14 19:29:08', '', '2022-07-14 19:29:08', '', '2022-07-14 19:29:08', '', '2022-07-14 19:29:08'),
(802, 1, '192.168.0.179', 'Inicio de sesion: ', '2022-07-14 19:31:14', '', '2022-07-14 19:31:14', '', '2022-07-14 19:31:14', '', '2022-07-14 19:31:14', '', '2022-07-14 19:31:14'),
(803, 1, '192.168.0.179', 'Inicio de sesion: ', '2022-07-14 19:31:49', '', '2022-07-14 19:31:49', '', '2022-07-14 19:31:49', '', '2022-07-14 19:31:49', '', '2022-07-14 19:31:49'),
(804, 1, '192.168.0.179', '', '2022-07-14 19:33:04', 'Cierre de sesion: ', '2022-07-14 19:33:04', '', '2022-07-14 19:33:04', '', '2022-07-14 19:33:04', '', '2022-07-14 19:33:04'),
(805, 1, '192.168.0.179', 'Inicio de sesion: ', '2022-07-14 19:33:07', '', '2022-07-14 19:33:07', '', '2022-07-14 19:33:07', '', '2022-07-14 19:33:07', '', '2022-07-14 19:33:07'),
(806, 1, '192.168.0.179', 'Inicio de sesion: ', '2022-07-14 19:34:11', '', '2022-07-14 19:34:11', '', '2022-07-14 19:34:11', '', '2022-07-14 19:34:11', '', '2022-07-14 19:34:11'),
(807, 1, '192.168.0.179', 'Inicio de sesion: ', '2022-07-14 19:35:03', '', '2022-07-14 19:35:03', '', '2022-07-14 19:35:03', '', '2022-07-14 19:35:03', '', '2022-07-14 19:35:03'),
(808, 1, '192.168.0.179', 'Inicio de sesion: ', '2022-07-14 19:35:52', '', '2022-07-14 19:35:52', '', '2022-07-14 19:35:52', '', '2022-07-14 19:35:52', '', '2022-07-14 19:35:52'),
(809, 1, '192.168.0.179', 'Inicio de sesion: ', '2022-07-14 19:36:18', '', '2022-07-14 19:36:18', '', '2022-07-14 19:36:18', '', '2022-07-14 19:36:18', '', '2022-07-14 19:36:18'),
(810, 1, '192.168.0.179', 'Inicio de sesion: ', '2022-07-14 19:37:11', '', '2022-07-14 19:37:11', '', '2022-07-14 19:37:11', '', '2022-07-14 19:37:11', '', '2022-07-14 19:37:11'),
(811, 1, '192.168.0.179', 'Inicio de sesion: ', '2022-07-14 19:38:46', '', '2022-07-14 19:38:46', '', '2022-07-14 19:38:46', '', '2022-07-14 19:38:46', '', '2022-07-14 19:38:46'),
(812, 1, '192.168.0.179', 'Inicio de sesion: ', '2022-07-14 19:39:03', '', '2022-07-14 19:39:03', '', '2022-07-14 19:39:03', '', '2022-07-14 19:39:03', '', '2022-07-14 19:39:03'),
(813, 1, '192.168.0.179', 'Inicio de sesion: ', '2022-07-14 19:39:51', '', '2022-07-14 19:39:51', '', '2022-07-14 19:39:51', '', '2022-07-14 19:39:51', '', '2022-07-14 19:39:51'),
(814, 1, '192.168.0.179', 'Inicio de sesion: ', '2022-07-14 19:41:18', '', '2022-07-14 19:41:18', '', '2022-07-14 19:41:18', '', '2022-07-14 19:41:18', '', '2022-07-14 19:41:18'),
(815, 1, '192.168.0.179', 'Inicio de sesion: ', '2022-07-14 19:41:59', '', '2022-07-14 19:41:59', '', '2022-07-14 19:41:59', '', '2022-07-14 19:41:59', '', '2022-07-14 19:41:59'),
(816, 1, '192.168.0.179', 'Inicio de sesion: ', '2022-07-14 19:45:22', '', '2022-07-14 19:45:22', '', '2022-07-14 19:45:22', '', '2022-07-14 19:45:22', '', '2022-07-14 19:45:22'),
(817, 1, '192.168.0.179', 'Inicio de sesion: ', '2022-07-14 19:45:42', '', '2022-07-14 19:45:42', '', '2022-07-14 19:45:42', '', '2022-07-14 19:45:42', '', '2022-07-14 19:45:42'),
(818, 1, '192.168.0.179', 'Inicio de sesion: ', '2022-07-14 19:46:29', '', '2022-07-14 19:46:29', '', '2022-07-14 19:46:29', '', '2022-07-14 19:46:29', '', '2022-07-14 19:46:29'),
(819, 1, '192.168.0.179', 'Inicio de sesion: ', '2022-07-14 19:47:30', '', '2022-07-14 19:47:30', '', '2022-07-14 19:47:30', '', '2022-07-14 19:47:30', '', '2022-07-14 19:47:30'),
(820, 1, '192.168.0.179', 'Inicio de sesion: ', '2022-07-14 19:48:11', '', '2022-07-14 19:48:11', '', '2022-07-14 19:48:11', '', '2022-07-14 19:48:11', '', '2022-07-14 19:48:11'),
(821, 1, '192.168.0.179', 'Inicio de sesion: ', '2022-07-14 19:48:43', '', '2022-07-14 19:48:43', '', '2022-07-14 19:48:43', '', '2022-07-14 19:48:43', '', '2022-07-14 19:48:43'),
(822, 1, '192.168.0.179', 'Inicio de sesion: ', '2022-07-14 19:49:27', '', '2022-07-14 19:49:27', '', '2022-07-14 19:49:27', '', '2022-07-14 19:49:27', '', '2022-07-14 19:49:27'),
(823, 1, '192.168.0.179', 'Inicio de sesion: ', '2022-07-14 19:50:16', '', '2022-07-14 19:50:16', '', '2022-07-14 19:50:16', '', '2022-07-14 19:50:16', '', '2022-07-14 19:50:16'),
(824, 1, '192.168.0.179', 'Inicio de sesion: ', '2022-07-14 19:51:27', '', '2022-07-14 19:51:27', '', '2022-07-14 19:51:27', '', '2022-07-14 19:51:27', '', '2022-07-14 19:51:27'),
(825, 1, '192.168.0.179', 'Inicio de sesion: ', '2022-07-14 19:53:53', '', '2022-07-14 19:53:53', '', '2022-07-14 19:53:53', '', '2022-07-14 19:53:53', '', '2022-07-14 19:53:53'),
(826, 1, '192.168.0.179', 'Inicio de sesion: ', '2022-07-14 19:54:31', '', '2022-07-14 19:54:31', '', '2022-07-14 19:54:31', '', '2022-07-14 19:54:31', '', '2022-07-14 19:54:31'),
(827, 1, '192.168.0.179', 'Inicio de sesion: ', '2022-07-14 19:55:03', '', '2022-07-14 19:55:03', '', '2022-07-14 19:55:03', '', '2022-07-14 19:55:03', '', '2022-07-14 19:55:03'),
(828, 1, '192.168.0.179', 'Inicio de sesion: ', '2022-07-14 19:55:29', '', '2022-07-14 19:55:29', '', '2022-07-14 19:55:29', '', '2022-07-14 19:55:29', '', '2022-07-14 19:55:29'),
(829, 1, '192.168.0.179', 'Inicio de sesion: ', '2022-07-14 19:56:05', '', '2022-07-14 19:56:05', '', '2022-07-14 19:56:05', '', '2022-07-14 19:56:05', '', '2022-07-14 19:56:05'),
(830, 1, '192.168.0.179', '', '2022-07-14 19:57:36', 'Cierre de sesion: ', '2022-07-14 19:57:36', '', '2022-07-14 19:57:36', '', '2022-07-14 19:57:36', '', '2022-07-14 19:57:36'),
(831, 1, '192.168.0.179', 'Inicio de sesion: ', '2022-07-14 19:58:36', '', '2022-07-14 19:58:36', '', '2022-07-14 19:58:36', '', '2022-07-14 19:58:36', '', '2022-07-14 19:58:36'),
(832, 1, '192.168.0.179', 'Inicio de sesion: ', '2022-07-14 19:59:12', '', '2022-07-14 19:59:12', '', '2022-07-14 19:59:12', '', '2022-07-14 19:59:12', '', '2022-07-14 19:59:12'),
(833, 1, '192.168.0.179', 'Inicio de sesion: ', '2022-07-14 20:00:03', '', '2022-07-14 20:00:03', '', '2022-07-14 20:00:03', '', '2022-07-14 20:00:03', '', '2022-07-14 20:00:03'),
(834, 1, '192.168.0.179', '', '2022-07-14 20:04:01', 'Cierre de sesion: ', '2022-07-14 20:04:01', '', '2022-07-14 20:04:01', '', '2022-07-14 20:04:01', '', '2022-07-14 20:04:01'),
(835, 1, '192.168.0.179', 'Inicio de sesion: ', '2022-07-14 20:06:17', '', '2022-07-14 20:06:17', '', '2022-07-14 20:06:17', '', '2022-07-14 20:06:17', '', '2022-07-14 20:06:17'),
(836, 1, '192.168.0.179', 'Inicio de sesion: ', '2022-07-14 20:07:02', '', '2022-07-14 20:07:02', '', '2022-07-14 20:07:02', '', '2022-07-14 20:07:02', '', '2022-07-14 20:07:02'),
(837, 1, '192.168.0.179', 'Inicio de sesion: ', '2022-07-14 20:07:27', '', '2022-07-14 20:07:27', '', '2022-07-14 20:07:27', '', '2022-07-14 20:07:27', '', '2022-07-14 20:07:27'),
(838, 1, '192.168.0.179', 'Inicio de sesion: ', '2022-07-14 20:14:23', '', '2022-07-14 20:14:23', '', '2022-07-14 20:14:23', '', '2022-07-14 20:14:23', '', '2022-07-14 20:14:23'),
(839, 1, '192.168.0.179', 'Inicio de sesion: ', '2022-07-14 20:15:38', '', '2022-07-14 20:15:38', '', '2022-07-14 20:15:38', '', '2022-07-14 20:15:38', '', '2022-07-14 20:15:38'),
(840, 1, '192.168.0.179', 'Inicio de sesion: ', '2022-07-14 20:18:57', '', '2022-07-14 20:18:57', '', '2022-07-14 20:18:57', '', '2022-07-14 20:18:57', '', '2022-07-14 20:18:57'),
(841, 1, '192.168.0.179', 'Inicio de sesion: ', '2022-07-14 21:02:40', '', '2022-07-14 21:02:40', '', '2022-07-14 21:02:40', '', '2022-07-14 21:02:40', '', '2022-07-14 21:02:40'),
(842, 1, '192.168.0.179', '', '2022-07-14 21:02:46', 'Cierre de sesion: ', '2022-07-14 21:02:46', '', '2022-07-14 21:02:46', '', '2022-07-14 21:02:46', '', '2022-07-14 21:02:46'),
(843, 1, '192.168.0.179', 'Inicio de sesion: ', '2022-07-14 21:54:54', '', '2022-07-14 21:54:54', '', '2022-07-14 21:54:54', '', '2022-07-14 21:54:54', '', '2022-07-14 21:54:54'),
(844, 1, '192.168.0.179', 'Inicio de sesion: ', '2022-07-14 21:55:18', '', '2022-07-14 21:55:18', '', '2022-07-14 21:55:18', '', '2022-07-14 21:55:18', '', '2022-07-14 21:55:18'),
(845, 1, '192.168.0.179', '', '2022-07-14 21:55:33', 'Cierre de sesion: ', '2022-07-14 21:55:33', '', '2022-07-14 21:55:33', '', '2022-07-14 21:55:33', '', '2022-07-14 21:55:33'),
(846, 1, '192.168.0.179', 'Inicio de sesion: ', '2022-07-14 21:57:35', '', '2022-07-14 21:57:35', '', '2022-07-14 21:57:35', '', '2022-07-14 21:57:35', '', '2022-07-14 21:57:35'),
(847, 1, '192.168.0.179', '', '2022-07-14 21:57:43', 'Cierre de sesion: ', '2022-07-14 21:57:43', '', '2022-07-14 21:57:43', '', '2022-07-14 21:57:43', '', '2022-07-14 21:57:43'),
(848, 1, '192.168.0.179', '', '2022-07-14 21:57:47', 'Cierre de sesion: ', '2022-07-14 21:57:47', '', '2022-07-14 21:57:47', '', '2022-07-14 21:57:47', '', '2022-07-14 21:57:47'),
(849, 1, '192.168.0.179', 'Inicio de sesion: ', '2022-07-14 21:59:09', '', '2022-07-14 21:59:09', '', '2022-07-14 21:59:09', '', '2022-07-14 21:59:09', '', '2022-07-14 21:59:09'),
(850, 1, '192.168.0.179', '', '2022-07-14 21:59:11', 'Cierre de sesion: ', '2022-07-14 21:59:11', '', '2022-07-14 21:59:11', '', '2022-07-14 21:59:11', '', '2022-07-14 21:59:11'),
(851, 1, '192.168.0.179', 'Inicio de sesion: ', '2022-07-14 22:07:49', '', '2022-07-14 22:07:49', '', '2022-07-14 22:07:49', '', '2022-07-14 22:07:49', '', '2022-07-14 22:07:49'),
(852, 1, '192.168.0.179', '', '2022-07-14 22:07:58', 'Cierre de sesion: ', '2022-07-14 22:07:58', '', '2022-07-14 22:07:58', '', '2022-07-14 22:07:58', '', '2022-07-14 22:07:58'),
(853, 1, '192.168.0.179', 'Inicio de sesion: ', '2022-07-14 22:47:56', '', '2022-07-14 22:47:56', '', '2022-07-14 22:47:56', '', '2022-07-14 22:47:56', '', '2022-07-14 22:47:56'),
(854, 1, '192.168.0.179', '', '2022-07-14 22:48:08', 'Cierre de sesion: ', '2022-07-14 22:48:08', '', '2022-07-14 22:48:08', '', '2022-07-14 22:48:08', '', '2022-07-14 22:48:08'),
(855, 1, '192.168.0.179', 'Inicio de sesion: ', '2022-07-14 22:55:40', '', '2022-07-14 22:55:40', '', '2022-07-14 22:55:40', '', '2022-07-14 22:55:40', '', '2022-07-14 22:55:40'),
(856, 1, '192.168.0.179', '', '2022-07-14 22:55:46', 'Cierre de sesion: ', '2022-07-14 22:55:46', '', '2022-07-14 22:55:46', '', '2022-07-14 22:55:46', '', '2022-07-14 22:55:46'),
(857, 17, '192.168.0.179', 'Inicio de sesion: ', '2022-07-14 23:01:36', '', '2022-07-14 23:01:36', '', '2022-07-14 23:01:36', '', '2022-07-14 23:01:36', '', '2022-07-14 23:01:36'),
(858, 1, '192.168.0.179', 'Inicio de sesion: ', '2022-07-14 23:29:28', '', '2022-07-14 23:29:28', '', '2022-07-14 23:29:28', '', '2022-07-14 23:29:28', '', '2022-07-14 23:29:28'),
(860, 1, '192.168.0.179', 'Inicio de sesion: ', '2022-07-14 23:50:15', '', '2022-07-14 23:50:15', '', '2022-07-14 23:50:15', '', '2022-07-14 23:50:15', '', '2022-07-14 23:50:15'),
(861, 1, '192.168.0.179', '', '2022-07-14 23:50:36', 'Cierre de sesion: ', '2022-07-14 23:50:36', '', '2022-07-14 23:50:36', '', '2022-07-14 23:50:36', '', '2022-07-14 23:50:36'),
(862, 18, '192.168.0.179', 'Inicio de sesion: ', '2022-07-14 23:58:48', '', '2022-07-14 23:58:48', '', '2022-07-14 23:58:48', '', '2022-07-14 23:58:48', '', '2022-07-14 23:58:48'),
(863, 18, '192.168.0.179', '', '2022-07-14 23:58:57', 'Cierre de sesion: ', '2022-07-14 23:58:57', '', '2022-07-14 23:58:57', '', '2022-07-14 23:58:57', '', '2022-07-14 23:58:57'),
(864, 1, '192.168.0.179', 'Inicio de sesion: ', '2022-07-14 23:59:13', '', '2022-07-14 23:59:13', '', '2022-07-14 23:59:13', '', '2022-07-14 23:59:13', '', '2022-07-14 23:59:13'),
(865, 1, '192.168.0.179', '', '2022-07-14 23:59:15', 'Cierre de sesion: ', '2022-07-14 23:59:15', '', '2022-07-14 23:59:15', '', '2022-07-14 23:59:15', '', '2022-07-14 23:59:15'),
(866, 1, '192.168.0.179', 'Inicio de sesion: ', '2022-07-15 00:03:10', '', '2022-07-15 00:03:10', '', '2022-07-15 00:03:10', '', '2022-07-15 00:03:10', '', '2022-07-15 00:03:10'),
(867, 1, '192.168.0.179', '', '2022-07-15 00:03:16', 'Cierre de sesion: ', '2022-07-15 00:03:16', '', '2022-07-15 00:03:16', '', '2022-07-15 00:03:16', '', '2022-07-15 00:03:16'),
(868, 1, '192.168.0.179', 'Inicio de sesion: ', '2022-07-15 00:05:11', '', '2022-07-15 00:05:11', '', '2022-07-15 00:05:11', '', '2022-07-15 00:05:11', '', '2022-07-15 00:05:11');

-- --------------------------------------------------------

--
-- Estructura de tabla para la tabla `noticias`
--

CREATE TABLE `noticias` (
  `id` int(11) NOT NULL,
  `noticia` text COLLATE utf8_unicode_ci NOT NULL,
  `fecha` datetime NOT NULL
) ENGINE=InnoDB DEFAULT CHARSET=utf8 COLLATE=utf8_unicode_ci;

--
-- Volcado de datos para la tabla `noticias`
--

INSERT INTO `noticias` (`id`, `noticia`, `fecha`) VALUES
(1, 'Actualización de Itermatico.', '2022-07-15 00:58:29'),
(2, 'Oking nuevo producto.', '2022-07-14 19:02:02'),
(3, 'Actualización de Itermatico.', '2022-07-14 19:02:02'),
(4, 'Actualización de Oking.', '2022-07-14 19:02:03'),
(5, 'Koing nuevo producto.', '2022-07-14 19:02:03'),
(6, 'Actualización de Itermatico.', '2022-07-14 19:02:03'),
(7, 'Actualización de Oking.', '2022-07-14 19:02:03'),
(8, 'Buyok nuevo producto.', '2022-07-14 19:02:03'),
(9, 'Actualización de Koing.', '2022-07-14 19:02:03'),
(10, 'Actualización de Oking.', '2022-07-14 19:02:03'),
(11, 'Actualización de Itermatico.', '2022-07-14 19:16:14'),
(12, 'Oking nuevo producto.', '2022-07-14 19:16:14'),
(13, 'Actualización de Itermatico.', '2022-07-14 19:16:14'),
(14, 'Actualización de Oking.', '2022-07-14 19:16:14'),
(15, 'Koing nuevo producto.', '2022-07-14 19:16:14'),
(16, 'Actualización de Itermatico.', '2022-07-14 19:16:14'),
(17, 'Actualización de Oking.', '2022-07-14 19:16:14'),
(18, 'Buyok nuevo producto.', '2022-07-14 19:16:14'),
(19, 'Actualización de Koing.', '2022-07-14 19:16:14'),
(20, 'Actualización de Oking.', '2022-07-14 19:16:14');

-- --------------------------------------------------------

--
-- Estructura de tabla para la tabla `sugerencias`
--

CREATE TABLE `sugerencias` (
  `id` bigint(20) NOT NULL,
  `nombre` varchar(45) CHARACTER SET utf8 NOT NULL,
  `asunto` varchar(45) CHARACTER SET utf8 NOT NULL,
  `correo` varchar(45) CHARACTER SET utf8 NOT NULL,
  `mensaje` text CHARACTER SET utf8 DEFAULT NULL,
  `fecha` datetime DEFAULT NULL
) ENGINE=InnoDB DEFAULT CHARSET=utf8 COLLATE=utf8_unicode_ci;

--
-- Volcado de datos para la tabla `sugerencias`
--

INSERT INTO `sugerencias` (`id`, `nombre`, `asunto`, `correo`, `mensaje`, `fecha`) VALUES
(3, 'aaa', 'aaaa', 'aguasvivas@gmail.com', 'aaaaa', '2020-02-02 00:00:00'),
(10, 'asdfsdfsdf', 'fsdfsdf', 'neury@email.com', 'sdfsdfsdf', '2022-07-14 17:33:05'),
(11, 'dddddd', 'Asunto', 'neury@email.com', 'fsdfsd', '2022-07-14 17:33:30'),
(2, 'Eleasar', 'Asunto', 'eleasar@gmail.com', 'mensaje', '0000-00-00 00:00:00'),
(14, 'Eleasar', 'Tema', 'tema@email.com', 'Este es el tema', '2022-07-14 23:58:12'),
(8, 'Neury', '', 'neury@email.com', 'a', '2022-07-14 17:30:13'),
(1, 'Neury', 'Asunto', 'eleasar0991@gmail.com', 'Mensaje', '0000-00-00 00:00:00'),
(5, 'Neury', 'Asunto', 'neury@email.com', 'Asunto blablabla...', '2022-07-14 17:19:46'),
(12, 'Neury', 'Tema', 'neury@email.com', 'dfsdf sdfsdf', '2022-07-14 17:34:56'),
(13, 'Neury', 'Tema', 'sugerencia@email.com', 'Sugerencia...', '2022-07-14 23:10:37'),
(4, 'Yes', 'ss', 'neury@email.com', 'dfdsf', '2022-07-12 04:11:35');

-- --------------------------------------------------------

--
-- Estructura de tabla para la tabla `usuarios`
--

CREATE TABLE `usuarios` (
  `id` bigint(20) NOT NULL,
  `ip` text COLLATE utf8_unicode_ci NOT NULL,
  `nombre` text COLLATE utf8_unicode_ci NOT NULL,
  `apellido` text COLLATE utf8_unicode_ci NOT NULL,
  `correo` text COLLATE utf8_unicode_ci NOT NULL,
  `clave` text COLLATE utf8_unicode_ci NOT NULL,
  `fecha` datetime NOT NULL,
  `foto` longblob DEFAULT NULL,
  `nombreDeFoto` text COLLATE utf8_unicode_ci DEFAULT NULL
) ENGINE=InnoDB DEFAULT CHARSET=utf8 COLLATE=utf8_unicode_ci;

--
-- Volcado de datos para la tabla `usuarios`
--

INSERT INTO `usuarios` (`id`, `ip`, `nombre`, `apellido`, `correo`, `clave`, `fecha`, `foto`, `nombreDeFoto`) VALUES
(1, '', 'Neury', 'Lorenzo', 'neury@email.com', 'neury', '2020-02-10 00:00:00', 0x6176617461722e706e67, 'avatar.png'),
(8, '', 'Neury', 'Aguasvivs Lorenzo', 'eleasar0991@gmail.com', 'neury', '2020-02-11 17:06:46', 0x6176617461722e706e67, 'avatar.png'),
(14, '192.168.0.179', 'Eleasar', 'Lorenzo', 'eleasar@email.com', 'neury', '2022-07-14 14:54:48', 0x6176617461722e706e67, 'avatar.png'),
(15, '192.168.0.179', 'Aguasvivas', 'Aguasvivas', 'aguasvivas@email.com', 'neury', '2022-07-14 14:58:00', 0x6176617461722e706e67, 'avatar.png'),
(17, '192.168.0.179', 'New', 'New', 'new@email.com', 'neury', '2022-07-14 23:01:36', 0x6176617461722e706e67, 'avatar.png'),
(18, '192.168.0.179', 'registro', 'registra', 'reg@email.com', 'neury', '2022-07-14 23:58:48', NULL, 'avatar.png');

--
-- Índices para tablas volcadas
--

--
-- Indices de la tabla `estadisticas_celsius`
--
ALTER TABLE `estadisticas_celsius`
  ADD PRIMARY KEY (`id`),
  ADD UNIQUE KEY `celsius` (`celsius`);

--
-- Indices de la tabla `historial`
--
ALTER TABLE `historial`
  ADD PRIMARY KEY (`id`);

--
-- Indices de la tabla `noticias`
--
ALTER TABLE `noticias`
  ADD PRIMARY KEY (`id`);

--
-- Indices de la tabla `sugerencias`
--
ALTER TABLE `sugerencias`
  ADD PRIMARY KEY (`nombre`,`asunto`,`correo`),
  ADD UNIQUE KEY `nID` (`id`);

--
-- Indices de la tabla `usuarios`
--
ALTER TABLE `usuarios`
  ADD PRIMARY KEY (`id`);

--
-- AUTO_INCREMENT de las tablas volcadas
--

--
-- AUTO_INCREMENT de la tabla `estadisticas_celsius`
--
ALTER TABLE `estadisticas_celsius`
  MODIFY `id` int(11) NOT NULL AUTO_INCREMENT, AUTO_INCREMENT=14;

--
-- AUTO_INCREMENT de la tabla `historial`
--
ALTER TABLE `historial`
  MODIFY `id` bigint(20) NOT NULL AUTO_INCREMENT, AUTO_INCREMENT=869;

--
-- AUTO_INCREMENT de la tabla `noticias`
--
ALTER TABLE `noticias`
  MODIFY `id` int(11) NOT NULL AUTO_INCREMENT, AUTO_INCREMENT=21;

--
-- AUTO_INCREMENT de la tabla `sugerencias`
--
ALTER TABLE `sugerencias`
  MODIFY `id` bigint(20) NOT NULL AUTO_INCREMENT, AUTO_INCREMENT=15;

--
-- AUTO_INCREMENT de la tabla `usuarios`
--
ALTER TABLE `usuarios`
  MODIFY `id` bigint(20) NOT NULL AUTO_INCREMENT, AUTO_INCREMENT=19;
COMMIT;

/*!40101 SET CHARACTER_SET_CLIENT=@OLD_CHARACTER_SET_CLIENT */;
/*!40101 SET CHARACTER_SET_RESULTS=@OLD_CHARACTER_SET_RESULTS */;
/*!40101 SET COLLATION_CONNECTION=@OLD_COLLATION_CONNECTION */;
